{"frames": {

"ripple-0.png":
{
	"frame": {"x":776,"y":1251,"w":691,"h":644},
	"rotated": false,
	"trimmed": true,
	"spriteSourceSize": {"x":25,"y":44,"w":691,"h":644},
	"sourceSize": {"w":816,"h":740}
},
"ripple-1.png":
{
	"frame": {"x":1,"y":641,"w":730,"h":704},
	"rotated": false,
	"trimmed": true,
	"spriteSourceSize": {"x":31,"y":4,"w":730,"h":704},
	"sourceSize": {"w":816,"h":740}
},
"ripple-2.png":
{
	"frame": {"x":1,"y":1347,"w":773,"h":623},
	"rotated": false,
	"trimmed": true,
	"spriteSourceSize": {"x":10,"y":97,"w":773,"h":623},
	"sourceSize": {"w":816,"h":740}
},
"ripple-3.png":
{
	"frame": {"x":1,"y":1,"w":813,"h":638},
	"rotated": false,
	"trimmed": true,
	"spriteSourceSize": {"x":0,"y":93,"w":813,"h":638},
	"sourceSize": {"w":816,"h":740}
},
"ripple-4.png":
{
	"frame": {"x":733,"y":641,"w":760,"h":608},
	"rotated": false,
	"trimmed": true,
	"spriteSourceSize": {"x":10,"y":69,"w":760,"h":608},
	"sourceSize": {"w":816,"h":740}
}},
"meta": {
	"app": "http://www.codeandweb.com/texturepacker",
	"version": "1.0",
	"image": "ripples.png",
	"format": "RGBA8888",
	"size": {"w":1494,"h":1971},
	"scale": "1",
	"smartupdate": "$TexturePacker:SmartUpdate:014fdb48defce3770c8768fda7483830:223b7a6a22145cc6ddb986fb040de982:cce8403a814a7656da0fc7c9619465d2$"
}
}
