{"frames": {

"lillyFinal_Sink-0.png":
{
	"frame": {"x":1,"y":1,"w":450,"h":441},
	"rotated": false,
	"trimmed": false,
	"spriteSourceSize": {"x":0,"y":0,"w":450,"h":441},
	"sourceSize": {"w":450,"h":441}
},
"lillyFinal_Sink-1.png":
{
	"frame": {"x":1,"y":444,"w":450,"h":441},
	"rotated": false,
	"trimmed": false,
	"spriteSourceSize": {"x":0,"y":0,"w":450,"h":441},
	"sourceSize": {"w":450,"h":441}
},
"lillyFinal_Sink-2.png":
{
	"frame": {"x":1,"y":887,"w":450,"h":441},
	"rotated": false,
	"trimmed": false,
	"spriteSourceSize": {"x":0,"y":0,"w":450,"h":441},
	"sourceSize": {"w":450,"h":441}
},
"lillyFinal_Sink-3.png":
{
	"frame": {"x":453,"y":1,"w":450,"h":441},
	"rotated": false,
	"trimmed": false,
	"spriteSourceSize": {"x":0,"y":0,"w":450,"h":441},
	"sourceSize": {"w":450,"h":441}
},
"lillyFinal_Sink-4.png":
{
	"frame": {"x":905,"y":1,"w":450,"h":441},
	"rotated": false,
	"trimmed": false,
	"spriteSourceSize": {"x":0,"y":0,"w":450,"h":441},
	"sourceSize": {"w":450,"h":441}
},
"lillyFinal_Sink-5.png":
{
	"frame": {"x":453,"y":444,"w":450,"h":441},
	"rotated": false,
	"trimmed": false,
	"spriteSourceSize": {"x":0,"y":0,"w":450,"h":441},
	"sourceSize": {"w":450,"h":441}
},
"lillyFinal_Sink-6.png":
{
	"frame": {"x":905,"y":444,"w":450,"h":441},
	"rotated": false,
	"trimmed": false,
	"spriteSourceSize": {"x":0,"y":0,"w":450,"h":441},
	"sourceSize": {"w":450,"h":441}
},
"lillyFinal_Sink-7.png":
{
	"frame": {"x":453,"y":887,"w":450,"h":441},
	"rotated": false,
	"trimmed": false,
	"spriteSourceSize": {"x":0,"y":0,"w":450,"h":441},
	"sourceSize": {"w":450,"h":441}
},
"lillyFinal_Sink-8.png":
{
	"frame": {"x":905,"y":887,"w":450,"h":441},
	"rotated": false,
	"trimmed": false,
	"spriteSourceSize": {"x":0,"y":0,"w":450,"h":441},
	"sourceSize": {"w":450,"h":441}
}},
"meta": {
	"app": "http://www.codeandweb.com/texturepacker",
	"version": "1.0",
	"image": "lillyFinal_Sink.png",
	"format": "RGBA8888",
	"size": {"w":1356,"h":1329},
	"scale": "1",
	"smartupdate": "$TexturePacker:SmartUpdate:1ed7eb9855428ad208e32588e6c7a5d5:a8489123ff80138fc483b4c328386015:61cbb234bb57668fe9f2121b4a2f83cb$"
}
}
