{"frames": {

"bee-0.png":
{
	"frame": {"x":0,"y":0,"w":250,"h":200},
	"rotated": false,
	"trimmed": false,
	"spriteSourceSize": {"x":0,"y":0,"w":250,"h":200},
	"sourceSize": {"w":250,"h":200}
},
"bee-1.png":
{
	"frame": {"x":250,"y":0,"w":250,"h":200},
	"rotated": false,
	"trimmed": false,
	"spriteSourceSize": {"x":0,"y":0,"w":250,"h":200},
	"sourceSize": {"w":250,"h":200}
},
"bee-2.png":
{
	"frame": {"x":500,"y":0,"w":250,"h":200},
	"rotated": false,
	"trimmed": false,
	"spriteSourceSize": {"x":0,"y":0,"w":250,"h":200},
	"sourceSize": {"w":250,"h":200}
}},
"meta": {
	"app": "http://www.codeandweb.com/texturepacker",
	"version": "1.0",
	"image": "bee_fly.png",
	"format": "RGBA8888",
	"size": {"w":750,"h":200},
	"scale": "1",
	"smartupdate": "$TexturePacker:SmartUpdate:95e088da49b7119d0066ae06fa05fd16:75f12066e9809e5103a35e41b3b45371:fe2863b8a853cdc79adaea0380cac622$"
}
}
