{"frames": {

"ladyBug_Walk-0.png":
{
	"frame": {"x":701,"y":1,"w":358,"h":349},
	"rotated": false,
	"trimmed": true,
	"spriteSourceSize": {"x":7,"y":42,"w":358,"h":349},
	"sourceSize": {"w":417,"h":417}
},
"ladyBug_Walk-1.png":
{
	"frame": {"x":1,"y":1,"w":348,"h":355},
	"rotated": false,
	"trimmed": true,
	"spriteSourceSize": {"x":7,"y":37,"w":348,"h":355},
	"sourceSize": {"w":417,"h":417}
},
"ladyBug_Walk-2.png":
{
	"frame": {"x":1061,"y":1,"w":341,"h":332},
	"rotated": false,
	"trimmed": true,
	"spriteSourceSize": {"x":7,"y":42,"w":341,"h":332},
	"sourceSize": {"w":417,"h":417}
},
"ladyBug_Walk-3.png":
{
	"frame": {"x":351,"y":1,"w":348,"h":354},
	"rotated": false,
	"trimmed": true,
	"spriteSourceSize": {"x":7,"y":37,"w":348,"h":354},
	"sourceSize": {"w":417,"h":417}
}},
"meta": {
	"app": "http://www.codeandweb.com/texturepacker",
	"version": "1.0",
	"image": "ladyBug_Walk.png",
	"format": "RGBA8888",
	"size": {"w":1403,"h":357},
	"scale": "1",
	"smartupdate": "$TexturePacker:SmartUpdate:8d0399ed3f48eaa6ba45c1524ccee3e1:e50b775a2e5097bc8cd06c1474295cf0:d13720d5932d27da673a0c1b64416700$"
}
}
