{"frames": {


"dragonfly-0.png":
{
	"frame": {"x":0,"y":0,"w":800,"h":323},
	"rotated": false,
	"trimmed": false,
	"spriteSourceSize": {"x":0,"y":0,"w":800,"h":323},
	"sourceSize": {"w":800,"h":323}
},
"dragonfly-1.png":
{
	"frame": {"x":0,"y":323,"w":790,"h":319},
	"rotated": false,
	"trimmed": false,
	"spriteSourceSize": {"x":0,"y":0,"w":790,"h":319},
	"sourceSize": {"w":790,"h":319}
},

"dragonfly-2.png":
{
	"frame": {"x":0,"y":642,"w":790,"h":319},
	"rotated": false,
	"trimmed": false,
	"spriteSourceSize": {"x":0,"y":0,"w":790,"h":319},
	"sourceSize": {"w":790,"h":319}
}},
"meta": {
	"app": "http://www.codeandweb.com/texturepacker",
	"version": "1.0",
	"image": "dragonfly_fly.png",
	"format": "RGBA8888",
	"size": {"w":800,"h":961},
	"scale": "1",
	"smartupdate": "$TexturePacker:SmartUpdate:3964b5a830dbdd922bbccbadc2d93bf0:bb4f4893caff36746946aa2c84ee01bc:1331147344a49467563aa312785cba44$"
}
}
